"image_url","book_title","author","description","price","education_level"
"Step Ahead New Secondary English Form 1 by S Chinodya.jpg","Step Ahead New Secondary English Form 1","S Chinodya","Step Ahead New Secondary English Form 1 by S Chinodya","0.00",""
"Dictionary of Electrical Engineering by Sophia Elliot.jpg","Dictionary of Electrical Engineering","Sophia Elliot","Dictionary of Electrical Engineering by Sophia Elliot","0.00",""
"Technical Drawing for Today by Terence Driscoll.jpg","Technical Drawing for Today","Terence Driscoll","Technical Drawing for Today by Terence Driscoll","0.00",""
"Nutrition of Fruit Trees by Pankaj Goyal.jpg","Nutrition of Fruit Trees","Pankaj Goyal","Nutrition of Fruit Trees by Pankaj Goyal","0.00",""
"A Practical Approach to Textile Technology and Design Form 1 by Enesia Kaseke Dzidzai Mateko.jpg","A Practical Approach to Textile Technology and Design Form 1","Enesia Kaseke Dzidzai Mateko","A Practical Approach to Textile Technology and Design Form 1 by Enesia Kaseke Dzidzai Mateko","0.00",""
"Handbook of Poultry Production by Giriraj Prajapati.jpg","Handbook of Poultry Production","Giriraj Prajapati","Handbook of Poultry Production by Giriraj Prajapati","0.00",""
"Breeding and Protection of vegetables by Chiranjiv Gandhi.jpg","Breeding and Protection of vegetables","Chiranjiv Gandhi","Breeding and Protection of vegetables by Chiranjiv Gandhi","0.00",""
"Biological Science by D. J. Taylor, N. P. O. Green, G. W. Stout, Editor R. Soper.jpg","Biological Science","D. J. Taylor, N. P. O. Green, G. W. Stout, Editor R. Soper","Biological Science by D. J. Taylor, N. P. O. Green, G. W. Stout, Editor R. Soper","0.00",""
"Tsime retsumo, madimikira netuzvirevo by C. K. J. Ngwaru.jpg","Tsime retsumo, madimikira netuzvirevo","C. K. J. Ngwaru","Tsime retsumo, madimikira netuzvirevo by C. K. J. Ngwaru","0.00",""
"Step Ahead New General Mathematics Form 3 by M Macrae L Madungwe A Mutangadura.jpg","Step Ahead New General Mathematics Form 3","M Macrae L Madungwe A Mutangadura","Step Ahead New General Mathematics Form 3 by M Macrae L Madungwe A Mutangadura","0.00",""
"A Practical Approach to Textile Technology and Design Form 3 by Otilia Siphiwe Kurebwaseka, Dzidzai Mateko.jpg","A Practical Approach to Textile Technology and Design Form 3","Otilia Siphiwe Kurebwaseka, Dzidzai Mateko","A Practical Approach to Textile Technology and Design Form 3 by Otilia Siphiwe Kurebwaseka, Dzidzai Mateko","0.00",""
"Step Ahead New General Mathematics Form 1 by M Macrae L Madungwe.jpg","Step Ahead New General Mathematics Form 1","M Macrae L Madungwe","Step Ahead New General Mathematics Form 1 by M Macrae L Madungwe","0.00",""
"Accounting for Cambridge International AS & A Level by David Hopkins, Deborah Malpas, Harold Randall & Michael Seagrove.jpg","Accounting for Cambridge International AS & A Level","David Hopkins, Deborah Malpas, Harold Randall & Michael Seagrove","Accounting for Cambridge International AS & A Level by David Hopkins, Deborah Malpas, Harold Randall & Michael Seagrove","0.00",""
"Principles of Dairy Management by Umesh Kumar.jpg","Principles of Dairy Management","Umesh Kumar","Principles of Dairy Management by Umesh Kumar","0.00",""
"Advanced Level History Unleashed by Misheck David, Perpetual Muchineripi, Felix Farai Mboto, Solomon Moyana.jpg","Advanced Level History Unleashed","Misheck David, Perpetual Muchineripi, Felix Farai Mboto, Solomon Moyana","Advanced Level History Unleashed by Misheck David, Perpetual Muchineripi, Felix Farai Mboto, Solomon Moyana","0.00",""
"Ugqozi Lwezimbongi by Literature Bureau.jpg","Ugqozi Lwezimbongi","Literature Bureau","Ugqozi Lwezimbongi by Literature Bureau","0.00",""
"Cambridge International AS & A Level Business Second Edition by Malcolm Surridge Andrew Gillespie.jpg","Cambridge International AS & A Level Business Second Edition","Malcolm Surridge Andrew Gillespie","Cambridge International AS & A Level Business Second Edition by Malcolm Surridge Andrew Gillespie","0.00",""
"Animal Husbandry, Dairying and Fisheries by Jhansi Rani Mallam.jpg","Animal Husbandry, Dairying and Fisheries","Jhansi Rani Mallam","Animal Husbandry, Dairying and Fisheries by Jhansi Rani Mallam","0.00",""
"A Practical Approach to Economics Form 3 by Samuel Munemo.jpg","A Practical Approach to Economics Form 3","Samuel Munemo","A Practical Approach to Economics Form 3 by Samuel Munemo","0.00",""
"A Practical Approach to History Form 1 by Bruno Munyoro Bowman.jpg","A Practical Approach to History Form 1","Bruno Munyoro Bowman","A Practical Approach to History Form 1 by Bruno Munyoro Bowman","0.00",""
"Understanding Combined Science O' Level Study Pack by M. Gwenzi.jpg","Understanding Combined Science O' Level Study Pack","M. Gwenzi","Understanding Combined Science O' Level Study Pack by M. Gwenzi","0.00",""
"Cambridge checkpoint Lower Secondary Mathematics 8 by Ric Pimentel Frankie Pimentel Terry Wall.jpg","Cambridge checkpoint Lower Secondary Mathematics 8","Ric Pimentel Frankie Pimentel Terry Wall","Cambridge checkpoint Lower Secondary Mathematics 8 by Ric Pimentel Frankie Pimentel Terry Wall","0.00",""
"A Practical Approach to English Form 3 Revised Edition by Varaidzo Makopa Wishes Mututwa.jpg","A Practical Approach to English Form 3 Revised Edition","Varaidzo Makopa Wishes Mututwa","A Practical Approach to English Form 3 Revised Edition by Varaidzo Makopa Wishes Mututwa","0.00",""
"A Practical Approach to Heritage Studies 'O' Level Revision by Secondary Book Press.jpg","A Practical Approach to Heritage Studies 'O' Level Revision","Secondary Book Press","A Practical Approach to Heritage Studies 'O' Level Revision by Secondary Book Press","0.00",""
"Agricultural Production by Jeffrey E. Asimov.jpg","Agricultural Production","Jeffrey E. Asimov","Agricultural Production by Jeffrey E. Asimov","0.00",""
"Rural Poultry Production The Need and Strategy for Sustainable Development by Dr. Ram Prakash Verma.jpg","Rural Poultry Production The Need and Strategy for Sustainable Development","Dr. Ram Prakash Verma","Rural Poultry Production The Need and Strategy for Sustainable Development by Dr. Ram Prakash Verma","0.00",""
"Step Ahead Textile Technology and Design Form 3 by A Mukoko T van der Linde M Zingoma.jpg","Step Ahead Textile Technology and Design Form 3","A Mukoko T van der Linde M Zingoma","Step Ahead Textile Technology and Design Form 3 by A Mukoko T van der Linde M Zingoma","0.00",""
"A Practical Approach to Commerce Form 3 by Tendai Ruombwa.jpg","A Practical Approach to Commerce Form 3","Tendai Ruombwa","A Practical Approach to Commerce Form 3 by Tendai Ruombwa","0.00",""
"Chabyondoka by Aaron Chiundura Moyo.jpg","Chabyondoka","Aaron Chiundura Moyo","Chabyondoka by Aaron Chiundura Moyo","0.00",""
"New Trends in Agriculture Form 2 by Jopo M. Misihairabwi T. Manhundu T..jpg","New Trends in Agriculture Form 2","Jopo M. Misihairabwi T. Manhundu T.","New Trends in Agriculture Form 2 by Jopo M. Misihairabwi T. Manhundu T.","0.00",""
"A Practical Approach to Agriculture Form 2 by Chido Manyonga Enias Magura Samuel Musariri.jpg","A Practical Approach to Agriculture Form 2","Chido Manyonga Enias Magura Samuel Musariri","A Practical Approach to Agriculture Form 2 by Chido Manyonga Enias Magura Samuel Musariri","0.00",""
"A Practical Approach to Commerce Form 1 by David Mandikuwaza.jpg","A Practical Approach to Commerce Form 1","David Mandikuwaza","A Practical Approach to Commerce Form 1 by David Mandikuwaza","0.00",""
"Step Ahead New Secondary English Form 3 by S Chinodya.jpg","Step Ahead New Secondary English Form 3","S Chinodya","Step Ahead New Secondary English Form 3 by S Chinodya","0.00",""
"Junior English 3 by Haydn Richards.jpg","Junior English 3","Haydn Richards","Junior English 3 by Haydn Richards","0.00",""
"Sunrise Readers Friends Book 1 by Vivian Jenkins and Chrissie Lewis.png","Sunrise Readers Friends Book 1","Vivian Jenkins and Chrissie Lewis","Sunrise Readers Friends Book 1 by Vivian Jenkins and Chrissie Lewis","0.00",""
"Integrated Cattle Nutrition by Balaji Yadav Maddina.jpg","Integrated Cattle Nutrition","Balaji Yadav Maddina","Integrated Cattle Nutrition by Balaji Yadav Maddina","0.00",""
"Complete First Language English for Cambridge IGCSE Second Edition by Jane Arredondo.jpg","Complete First Language English for Cambridge IGCSE Second Edition","Jane Arredondo","Complete First Language English for Cambridge IGCSE Second Edition by Jane Arredondo","0.00",""
"New Trends in Heritage Studies Advanced Level Form 5 by Zivave W., Muronzi A., Watadza M.X., Moyo T..jpg","New Trends in Heritage Studies Advanced Level Form 5","Zivave W., Muronzi A., Watadza M.X., Moyo T.","New Trends in Heritage Studies Advanced Level Form 5 by Zivave W., Muronzi A., Watadza M.X., Moyo T.","0.00",""
"Gramsol Metal Technology & Design Form 2 by Munetsi Kapembeza Emmerson Mufutumari Tadzimirwa Matiyenga.jpg","Gramsol Metal Technology & Design Form 2","Munetsi Kapembeza Emmerson Mufutumari Tadzimirwa Matiyenga","Gramsol Metal Technology & Design Form 2 by Munetsi Kapembeza Emmerson Mufutumari Tadzimirwa Matiyenga","0.00",""
"Scientific Horticulture by Abhishek Guneta.jpg","Scientific Horticulture","Abhishek Guneta","Scientific Horticulture by Abhishek Guneta","0.00",""
"Cambridge IGCSE Computer Science Programming Book for Microsoft Visual Basic by Richard Morgan.jpg","Cambridge IGCSE Computer Science Programming Book for Microsoft Visual Basic","Richard Morgan","Cambridge IGCSE Computer Science Programming Book for Microsoft Visual Basic by Richard Morgan","0.00",""
"Step Ahead Commerce Form 3 by E Chikwaya A Kangausaru S Makore M Norsca L Tambudzai Z Zvinora.jpg","Step Ahead Commerce Form 3","E Chikwaya A Kangausaru S Makore M Norsca L Tambudzai Z Zvinora","Step Ahead Commerce Form 3 by E Chikwaya A Kangausaru S Makore M Norsca L Tambudzai Z Zvinora","0.00",""
"A dream so BIG by PlusOne.jpg","A dream so BIG","PlusOne","A dream so BIG by PlusOne","0.00",""
"A Practical Approach to Business Enterprise Skills Form 3 by Knowledge Kapamara.jpg","A Practical Approach to Business Enterprise Skills Form 3","Knowledge Kapamara","A Practical Approach to Business Enterprise Skills Form 3 by Knowledge Kapamara","0.00",""
"Beekeeping A Comprehensive Guide Bees and Beekeeping by Yashaswi.jpg","Beekeeping A Comprehensive Guide Bees and Beekeeping","Yashaswi","Beekeeping A Comprehensive Guide Bees and Beekeeping by Yashaswi","0.00",""
"Emdangweni Wezinkondlo by Ziqoqwe yiLiterature Bureau.jpg","Emdangweni Wezinkondlo","Ziqoqwe yiLiterature Bureau","Emdangweni Wezinkondlo by Ziqoqwe yiLiterature Bureau","0.00",""
"A Practical Approach to Textile Technology and Design Form 3 by Otilia Siphiwe Kurebwaseka Dzidzai Mateko.jpg","A Practical Approach to Textile Technology and Design Form 3","Otilia Siphiwe Kurebwaseka Dzidzai Mateko","A Practical Approach to Textile Technology and Design Form 3 by Otilia Siphiwe Kurebwaseka Dzidzai Mateko","0.00",""
"Dictionary of Management by Ellie Matthew.jpg","Dictionary of Management","Ellie Matthew","Dictionary of Management by Ellie Matthew","0.00",""
"Pemberton Mathematics for Cambridge IGCSE Third Edition Extended by Sue Pemberton.jpg","Pemberton Mathematics for Cambridge IGCSE Third Edition Extended","Sue Pemberton","Pemberton Mathematics for Cambridge IGCSE Third Edition Extended by Sue Pemberton","0.00",""
"Advanced Level History of Zimbabwe Questions and Answers by Owen Tasara.jpg","Advanced Level History of Zimbabwe Questions and Answers","Owen Tasara","Advanced Level History of Zimbabwe Questions and Answers by Owen Tasara","0.00",""
"Advanced Level Regional and International History Questions and answers by Owen Tasara.jpg","Advanced Level Regional and International History Questions and answers","Owen Tasara","Advanced Level Regional and International History Questions and answers by Owen Tasara","0.00",""
"Step Ahead Geography Form 4 Teacher's Guide by S Gariwe S Jerie M Madondo.jpg","Step Ahead Geography Form 4 Teacher's Guide","S Gariwe S Jerie M Madondo","Step Ahead Geography Form 4 Teacher's Guide by S Gariwe S Jerie M Madondo","0.00",""
"Misambo Yemutauro Danho ReOrdinary Level by C D S Hwiridza.png","Misambo Yemutauro Danho ReOrdinary Level","C D S Hwiridza","Misambo Yemutauro Danho ReOrdinary Level by C D S Hwiridza","0.00",""
"Tale of Tamari by Shimmer Chinodya.jpg","Tale of Tamari","Shimmer Chinodya","Tale of Tamari by Shimmer Chinodya","0.00",""
"A Practical Approach to English Form 2 Revised Edition by Dennis Gumi Thembekile Sibanda.jpg","A Practical Approach to English Form 2 Revised Edition","Dennis Gumi Thembekile Sibanda","A Practical Approach to English Form 2 Revised Edition by Dennis Gumi Thembekile Sibanda","0.00",""
"Uvaranomwe hweVaShona Bhuku romudzidzi rechishanu Danho reA-Level by Vapepeti Wiseman Magwa naEmmanuel A. Makadho.jpg","Uvaranomwe hweVaShona Bhuku romudzidzi rechishanu Danho reA-Level","Vapepeti Wiseman Magwa naEmmanuel A. Makadho","Uvaranomwe hweVaShona Bhuku romudzidzi rechishanu Danho reA-Level by Vapepeti Wiseman Magwa naEmmanuel A. Makadho","0.00",""
"New Trends in English Language Form 2 Facilitator's Book by Mugiya D. Makuvisa N..jpg","New Trends in English Language Form 2 Facilitator's Book","Mugiya D. Makuvisa N.","New Trends in English Language Form 2 Facilitator's Book by Mugiya D. Makuvisa N.","0.00",""
"Step Ahead New General Mathematics Form 4 by M Macrae L Madungwe A Mutangadura.jpg","Step Ahead New General Mathematics Form 4","M Macrae L Madungwe A Mutangadura","Step Ahead New General Mathematics Form 4 by M Macrae L Madungwe A Mutangadura","0.00",""
"Junior English 1 by Haydn Richards.jpg","Junior English 1","Haydn Richards","Junior English 1 by Haydn Richards","0.00",""
"Ngatidzidzei Zvirungamutauro by L. Viriri.jpg","Ngatidzidzei Zvirungamutauro","L. Viriri","Ngatidzidzei Zvirungamutauro by L. Viriri","0.00",""
"Step Ahead Geography Form 4 by S Gariwe S Jerie M Madondo.jpg","Step Ahead Geography Form 4","S Gariwe S Jerie M Madondo","Step Ahead Geography Form 4 by S Gariwe S Jerie M Madondo","0.00",""
"Umhlaba Lo! by Barbara C. Makhalisa.jpg","Umhlaba Lo!","Barbara C. Makhalisa","Umhlaba Lo! by Barbara C. Makhalisa","0.00",""
"A Level History of Zimbabwe Question and Answer Series by Gora A..jpg","A Level History of Zimbabwe Question and Answer Series","Gora A.","A Level History of Zimbabwe Question and Answer Series by Gora A.","0.00",""
"A Practical Approach to History of Zimbabwe Form 3 by Dziti Misheck.jpg","A Practical Approach to History of Zimbabwe Form 3","Dziti Misheck","A Practical Approach to History of Zimbabwe Form 3 by Dziti Misheck","0.00",""
"A Practical Approach to Combined Science 'O' Level Revision by Secondary Book Press.jpg","A Practical Approach to Combined Science 'O' Level Revision","Secondary Book Press","A Practical Approach to Combined Science 'O' Level Revision by Secondary Book Press","0.00",""
"Today Revision Accounts O' Level by James Ginio.jpg","Today Revision Accounts O' Level","James Ginio","Today Revision Accounts O' Level by James Ginio","0.00",""
"Complete Pure Mathematics 2 3 for Cambridge International AS & A Level Second Edition by Jean Linsky, James Nicholson, Brian Western.jpg","Complete Pure Mathematics 2 3 for Cambridge International AS & A Level Second Edition","Jean Linsky, James Nicholson, Brian Western","Complete Pure Mathematics 2 3 for Cambridge International AS & A Level Second Edition by Jean Linsky, James Nicholson, Brian Western","0.00",""
"New Trends in Heritage Studies Advanced Level Form 6 by Zivave W., Muronzi A..jpg","New Trends in Heritage Studies Advanced Level Form 6","Zivave W., Muronzi A.","New Trends in Heritage Studies Advanced Level Form 6 by Zivave W., Muronzi A.","0.00",""
"A Practical Approach to History Form 3 by Dziti Misheck.jpg","A Practical Approach to History Form 3","Dziti Misheck","A Practical Approach to History Form 3 by Dziti Misheck","0.00",""
"Cambridge Primary Science Workbook 4 by Fiona Baxter & Liz Dilley.jpg","Cambridge Primary Science Workbook 4","Fiona Baxter & Liz Dilley","Cambridge Primary Science Workbook 4 by Fiona Baxter & Liz Dilley","0.00",""
"Ordinary Level History of Zimbabwe Questions and Answers by Owen Tasara.jpg","Ordinary Level History of Zimbabwe Questions and Answers","Owen Tasara","Ordinary Level History of Zimbabwe Questions and Answers by Owen Tasara","0.00",""
"AS and A Level Accounting by Vijay Sookharee.jpg","AS and A Level Accounting","Vijay Sookharee","AS and A Level Accounting by Vijay Sookharee","0.00",""
"A Practical Approach to Textile Technology and Design Form 4 by Sylvia Chingwaro Eunice Mazhude.jpg","A Practical Approach to Textile Technology and Design Form 4","Sylvia Chingwaro Eunice Mazhude","A Practical Approach to Textile Technology and Design Form 4 by Sylvia Chingwaro Eunice Mazhude","0.00",""
"Irrigation Technology Theory and Practice by Amalendu Bhattacharya.jpg","Irrigation Technology Theory and Practice","Amalendu Bhattacharya","Irrigation Technology Theory and Practice by Amalendu Bhattacharya","0.00",""
"Organic Fertilizers Types, Production and Impacts on Environment by Dr. Arvind Kumar.jpg","Organic Fertilizers Types, Production and Impacts on Environment","Dr. Arvind Kumar","Organic Fertilizers Types, Production and Impacts on Environment by Dr. Arvind Kumar","0.00",""
"A Practical Approach to Geography Form 3 by Chitengu Bothwell Mussett Mashiringwane Chengetai Mazendame Renias T..jpg","A Practical Approach to Geography Form 3","Chitengu Bothwell Mussett Mashiringwane Chengetai Mazendame Renias T.","A Practical Approach to Geography Form 3 by Chitengu Bothwell Mussett Mashiringwane Chengetai Mazendame Renias T.","0.00",""
"Cambridge Primary Science Workbook 4 by Fiona Baxter & Liz Dilley_1.jpg","Cambridge Primary Science Workbook 4","Fiona Baxter & Liz Dilley_1","Cambridge Primary Science Workbook 4 by Fiona Baxter & Liz Dilley_1","0.00",""
"A Practical Approach to History Form 2 by Bhebhe Patience Chideme Tawanda Mupisa Johannes.jpg","A Practical Approach to History Form 2","Bhebhe Patience Chideme Tawanda Mupisa Johannes","A Practical Approach to History Form 2 by Bhebhe Patience Chideme Tawanda Mupisa Johannes","0.00",""
"Harvest of Thorns Classic A play by Shimmer Chinodya.jpg","Harvest of Thorns Classic A play","Shimmer Chinodya","Harvest of Thorns Classic A play by Shimmer Chinodya","0.00",""
"Cambridge IGCSE ICT Second Edition by Graham Brown Brian Sargent David Watson.jpg","Cambridge IGCSE ICT Second Edition","Graham Brown Brian Sargent David Watson","Cambridge IGCSE ICT Second Edition by Graham Brown Brian Sargent David Watson","0.00",""
"IT for Cambridge International AS & A Level Coursebook Second Edition by Paul Long, Sarah Lawrey & Victoria Ellis.jpg","IT for Cambridge International AS & A Level Coursebook Second Edition","Paul Long, Sarah Lawrey & Victoria Ellis","IT for Cambridge International AS & A Level Coursebook Second Edition by Paul Long, Sarah Lawrey & Victoria Ellis","0.00",""
"My Exam Practice Kit Chemistry O-Level by David Chariuka.jpg","My Exam Practice Kit Chemistry O-Level","David Chariuka","My Exam Practice Kit Chemistry O-Level by David Chariuka","0.00",""
"Jabu by Elizabeth Taderera.jpg","Jabu","Elizabeth Taderera","Jabu by Elizabeth Taderera","0.00",""
"Cambridge IGCSE & O Level Complete Chemistry Fourth Edition by RoseMarie Gallagher Paul Ingram.jpg","Cambridge IGCSE & O Level Complete Chemistry Fourth Edition","RoseMarie Gallagher Paul Ingram","Cambridge IGCSE & O Level Complete Chemistry Fourth Edition by RoseMarie Gallagher Paul Ingram","0.00",""
"Animal Agriculture in Developing Countries by Kurra Venkata Gopaiah.jpg","Animal Agriculture in Developing Countries","Kurra Venkata Gopaiah","Animal Agriculture in Developing Countries by Kurra Venkata Gopaiah","0.00",""
"Handbook of Poultry Diseases by Naresh Mahajan.jpg","Handbook of Poultry Diseases","Naresh Mahajan","Handbook of Poultry Diseases by Naresh Mahajan","0.00",""
"Poultry Husbandry by Divyesh Pandey.jpg","Poultry Husbandry","Divyesh Pandey","Poultry Husbandry by Divyesh Pandey","0.00",""
"The African Heritage Form 2 by H. Moyana M. Sibanda et al..jpg","The African Heritage Form 2","H. Moyana M. Sibanda et al.","The African Heritage Form 2 by H. Moyana M. Sibanda et al.","0.00",""
"Land, Soil and Water Resources by Mahendra Kamalvanshi.jpg","Land, Soil and Water Resources","Mahendra Kamalvanshi","Land, Soil and Water Resources by Mahendra Kamalvanshi","0.00",""
"A Practical Approach to History Form 4 by Chikati Glorious Mukorera Ambrose.jpg","A Practical Approach to History Form 4","Chikati Glorious Mukorera Ambrose","A Practical Approach to History Form 4 by Chikati Glorious Mukorera Ambrose","0.00",""
"Access to History France in Revolution 1774-1815 by Dylan Rees.jpg","Access to History France in Revolution 1774-1815","Dylan Rees","Access to History France in Revolution 1774-1815 by Dylan Rees","0.00",""
"A Practical Approach to Agriculture Form 3 by James Chitamba Titus Magura Samuel Musariri.jpg","A Practical Approach to Agriculture Form 3","James Chitamba Titus Magura Samuel Musariri","A Practical Approach to Agriculture Form 3 by James Chitamba Titus Magura Samuel Musariri","0.00",""
"Graded Exercises in Technical Drawing by S. Bland.jpg","Graded Exercises in Technical Drawing","S. Bland","Graded Exercises in Technical Drawing by S. Bland","0.00",""
"Trends for Youth Entrepreneurship by Dr. S.K. Panneer Selvam.jpg","Trends for Youth Entrepreneurship","Dr. S.K. Panneer Selvam","Trends for Youth Entrepreneurship by Dr. S.K. Panneer Selvam","0.00",""
"Sunrise Readers Book 3 Let's be Hannu by Vivian Jenkins and Chrissie Lewis.png","Sunrise Readers Book 3 Let's be Hannu","Vivian Jenkins and Chrissie Lewis","Sunrise Readers Book 3 Let's be Hannu by Vivian Jenkins and Chrissie Lewis","0.00",""
"Step Ahead New General Mathematics Form 2 by M Macrae L Madungwe.jpg","Step Ahead New General Mathematics Form 2","M Macrae L Madungwe","Step Ahead New General Mathematics Form 2 by M Macrae L Madungwe","0.00",""
"Elements in Livestock Management Techniques by Austin Hooke.jpg","Elements in Livestock Management Techniques","Austin Hooke","Elements in Livestock Management Techniques by Austin Hooke","0.00",""
"A Practical Approach to Chemistry Form 4 by Clifford Huchu.jpg","A Practical Approach to Chemistry Form 4","Clifford Huchu","A Practical Approach to Chemistry Form 4 by Clifford Huchu","0.00",""
"Understanding PURE MATHEMATICS by A.J. Sadler, D.W.S. Thorning.jpg","Understanding PURE MATHEMATICS","A.J. Sadler, D.W.S. Thorning","Understanding PURE MATHEMATICS by A.J. Sadler, D.W.S. Thorning","0.00",""
"Wheat Crop Cultivation Management by Shashi Shekhar Prasad.jpg","Wheat Crop Cultivation Management","Shashi Shekhar Prasad","Wheat Crop Cultivation Management by Shashi Shekhar Prasad","0.00",""
"Cambridge Primary English Workbook 4 by Sally Burt & Debbie Ridgard.jpg","Cambridge Primary English Workbook 4","Sally Burt & Debbie Ridgard","Cambridge Primary English Workbook 4 by Sally Burt & Debbie Ridgard","0.00",""
"Access to History France in Revolution 1774-1815 Sixth Edition by Dylan Rees.jpg","Access to History France in Revolution 1774-1815 Sixth Edition","Dylan Rees","Access to History France in Revolution 1774-1815 Sixth Edition by Dylan Rees","0.00",""
"A Practical Approach to Chemistry Form 3 by Khumbulani Mtwazi.jpg","A Practical Approach to Chemistry Form 3","Khumbulani Mtwazi","A Practical Approach to Chemistry Form 3 by Khumbulani Mtwazi","0.00",""
"Junior English 2 by Haydn Richards.jpg","Junior English 2","Haydn Richards","Junior English 2 by Haydn Richards","0.00",""
"Handbook of Poultry Practice by Giriraj Prajapati.jpg","Handbook of Poultry Practice","Giriraj Prajapati","Handbook of Poultry Practice by Giriraj Prajapati","0.00",""
"Step Ahead Combined Science Form 1 by K Chavunduka.jpg","Step Ahead Combined Science Form 1","K Chavunduka","Step Ahead Combined Science Form 1 by K Chavunduka","0.00",""
"Dictionary of Travel and Tourism Management by Cameron Jacob.jpg","Dictionary of Travel and Tourism Management","Cameron Jacob","Dictionary of Travel and Tourism Management by Cameron Jacob","0.00",""
"Recent Techniques in Poultry Farming and Feed Formulations by Ganesh Yadav.jpg","Recent Techniques in Poultry Farming and Feed Formulations","Ganesh Yadav","Recent Techniques in Poultry Farming and Feed Formulations by Ganesh Yadav","0.00",""
"Tricolore 3 5e edition by Heather Mascie-Taylor, Michael Spencer, Sylvia Honnor.jpg","Tricolore 3 5e edition","Heather Mascie-Taylor, Michael Spencer, Sylvia Honnor","Tricolore 3 5e edition by Heather Mascie-Taylor, Michael Spencer, Sylvia Honnor","0.00",""
"A Practical Approach to Food Technology and Design Form 3 by Adija Muchenga.jpg","A Practical Approach to Food Technology and Design Form 3","Adija Muchenga","A Practical Approach to Food Technology and Design Form 3 by Adija Muchenga","0.00",""
"Growing and Breeding of Potatoes by Sunil Mekala.jpg","Growing and Breeding of Potatoes","Sunil Mekala","Growing and Breeding of Potatoes by Sunil Mekala","0.00",""
"A Practical Approach to Combined Science Form 1 by Sylvester Nyamayevhu Rodwell Hanyangoni Technology Chaora Khumbulani Mtwazi Tongesai Muchoza.jpg","A Practical Approach to Combined Science Form 1","Sylvester Nyamayevhu Rodwell Hanyangoni Technology Chaora Khumbulani Mtwazi Tongesai Muchoza","A Practical Approach to Combined Science Form 1 by Sylvester Nyamayevhu Rodwell Hanyangoni Technology Chaora Khumbulani Mtwazi Tongesai Muchoza","0.00",""
"Complete Mathematics for Cambridge IGCSE Fifth Edition Extended by David Rayner, Ian Bettison, Mathew Taylor.jpg","Complete Mathematics for Cambridge IGCSE Fifth Edition Extended","David Rayner, Ian Bettison, Mathew Taylor","Complete Mathematics for Cambridge IGCSE Fifth Edition Extended by David Rayner, Ian Bettison, Mathew Taylor","0.00",""
"Crop Production Theory, Techniques and Technology by Prof. Srinivas Puri.jpg","Crop Production Theory, Techniques and Technology","Prof. Srinivas Puri","Crop Production Theory, Techniques and Technology by Prof. Srinivas Puri","0.00",""
"Yeukai ChiShona Fomu 1 Bhuku Remudzidzisi by Tayimo E..jpg","Yeukai ChiShona Fomu 1 Bhuku Remudzidzisi","Tayimo E.","Yeukai ChiShona Fomu 1 Bhuku Remudzidzisi by Tayimo E.","0.00",""
"Irrigation and Drainage by Guru Sharan Das.jpg","Irrigation and Drainage","Guru Sharan Das","Irrigation and Drainage by Guru Sharan Das","0.00",""
"Cambridge Primary Mathematics Workbook 4 by Mary Wood & Emma Low.jpg","Cambridge Primary Mathematics Workbook 4","Mary Wood & Emma Low","Cambridge Primary Mathematics Workbook 4 by Mary Wood & Emma Low","0.00",""
"Traditional Forestry Management by Ajay Mukherjee.jpg","Traditional Forestry Management","Ajay Mukherjee","Traditional Forestry Management by Ajay Mukherjee","0.00",""
"THE TRIBE OF GRAVES by Basil Diki.jpg","THE TRIBE OF GRAVES","Basil Diki","THE TRIBE OF GRAVES by Basil Diki","0.00",""
"Gramsol Textile Technology and Design Form 4 by Dr. Rumbidzayi Masina Everjoy Maivepi Masawi Otilia Gapa Florence Zisengwe.jpg","Gramsol Textile Technology and Design Form 4","Dr. Rumbidzayi Masina Everjoy Maivepi Masawi Otilia Gapa Florence Zisengwe","Gramsol Textile Technology and Design Form 4 by Dr. Rumbidzayi Masina Everjoy Maivepi Masawi Otilia Gapa Florence Zisengwe","0.00",""
"Junior English 4 New Edition by Haydn Richards.jpg","Junior English 4 New Edition","Haydn Richards","Junior English 4 New Edition by Haydn Richards","0.00",""
"Collins easy learning French Dictionary by Collins.jpg","Collins easy learning French Dictionary","Collins","Collins easy learning French Dictionary by Collins","0.00",""
"A Practical Approach to Heritage Studies Form 4 by Sharon Hofisi Johannes M. Mupisa Thoko Ndebele Mary Nyevedzanayi.jpg","A Practical Approach to Heritage Studies Form 4","Sharon Hofisi Johannes M. Mupisa Thoko Ndebele Mary Nyevedzanayi","A Practical Approach to Heritage Studies Form 4 by Sharon Hofisi Johannes M. Mupisa Thoko Ndebele Mary Nyevedzanayi","0.00",""
"Pest Management Principles and Practices by Moinul Haque Siddiqui.jpg","Pest Management Principles and Practices","Moinul Haque Siddiqui","Pest Management Principles and Practices by Moinul Haque Siddiqui","0.00",""
"Tricolore 4 5e edition by Heather Mascie-Taylor, Sylvia Honnor, Michael Spencer.jpg","Tricolore 4 5e edition","Heather Mascie-Taylor, Sylvia Honnor, Michael Spencer","Tricolore 4 5e edition by Heather Mascie-Taylor, Sylvia Honnor, Michael Spencer","0.00",""
"Dudziramutauro reChiShona Bhuku romudzidzi Danho reA-Level by Mupepeti Wiseman Magwa.jpg","Dudziramutauro reChiShona Bhuku romudzidzi Danho reA-Level","Mupepeti Wiseman Magwa","Dudziramutauro reChiShona Bhuku romudzidzi Danho reA-Level by Mupepeti Wiseman Magwa","0.00",""
"The African Heritage History Book 1 by M. Sibanda, H. Moyana, S. Gumbo.jpg","The African Heritage History Book 1","M. Sibanda, H. Moyana, S. Gumbo","The African Heritage History Book 1 by M. Sibanda, H. Moyana, S. Gumbo","0.00",""